,date,도매가격
1706,2016-01-04,17343.0
1705,2016-01-05,18445.0
1704,2016-01-06,18813.0
1703,2016-01-07,18905.0
1702,2016-01-08,18950.0
1701,2016-01-11,18735.0
1700,2016-01-12,19183.0
1699,2016-01-13,19168.0
1698,2016-01-14,19157.0
1697,2016-01-15,18909.0
1696,2016-01-18,18728.0
1695,2016-01-19,19215.0
1694,2016-01-20,18995.0
1693,2016-01-21,18963.0
1692,2016-01-22,18664.0
1691,2016-01-25,18014.0
1690,2016-01-26,18186.0
1689,2016-01-27,18038.0
1688,2016-01-28,17874.0
1687,2016-01-29,17497.0
1686,2016-02-01,17243.0
1685,2016-02-02,17741.0
1684,2016-02-03,17763.0
1683,2016-02-04,17711.0
1682,2016-02-05,17912.0
1681,2016-02-11,17912.0
1680,2016-02-12,18449.0
1679,2016-02-15,18200.0
1678,2016-02-16,18176.0
1677,2016-02-17,18049.0
1676,2016-02-18,17693.0
1675,2016-02-19,17435.0
1674,2016-02-22,17570.0
1673,2016-02-23,17735.0
1672,2016-02-24,17654.0
1671,2016-02-25,17921.0
1670,2016-02-26,18134.0
1669,2016-02-29,18206.0
1668,2016-03-02,18577.0
1667,2016-03-03,18823.0
1666,2016-03-04,19164.0
1665,2016-03-07,19440.0
1664,2016-03-08,19380.0
1663,2016-03-09,19144.0
1662,2016-03-10,18921.0
1661,2016-03-11,18608.0
1660,2016-03-14,18824.0
1659,2016-03-15,18638.0
1658,2016-03-16,18225.0
1657,2016-03-17,17734.0
1656,2016-03-18,17682.0
1655,2016-03-21,17929.0
1654,2016-03-22,17880.0
1653,2016-03-23,17878.0
1652,2016-03-24,17824.0
1651,2016-03-25,17599.0
1650,2016-03-28,17958.0
1649,2016-03-29,17957.0
1648,2016-03-30,18195.0
1647,2016-03-31,18434.0
1646,2016-04-01,18350.0
1645,2016-04-04,17893.0
1644,2016-04-05,18941.0
1643,2016-04-06,18952.0
1642,2016-04-07,18852.0
1641,2016-04-08,18874.0
1640,2016-04-11,19749.0
1639,2016-04-12,19500.0
1638,2016-04-14,19315.0
1637,2016-04-15,19022.0
1636,2016-04-18,19268.0
1635,2016-04-19,19561.0
1634,2016-04-20,19330.0
1633,2016-04-21,19102.0
1632,2016-04-22,18497.0
1631,2016-04-25,18804.0
1630,2016-04-26,18760.0
1629,2016-04-27,18470.0
1628,2016-04-28,18423.0
1627,2016-04-29,18238.0
1626,2016-05-02,18370.0
1625,2016-05-03,18684.0
1624,2016-05-04,18226.0
1623,2016-05-09,17476.0
1622,2016-05-10,18456.0
1621,2016-05-11,18414.0
1620,2016-05-12,18272.0
1619,2016-05-13,17973.0
1618,2016-05-16,18010.0
1617,2016-05-17,18398.0
1616,2016-05-18,18590.0
1615,2016-05-19,18487.0
1614,2016-05-20,18898.0
1613,2016-05-23,18714.0
1612,2016-05-24,18775.0
1611,2016-05-25,18848.0
1610,2016-05-26,18975.0
1609,2016-05-27,18786.0
1608,2016-05-30,18730.0
1607,2016-05-31,18943.0
1606,2016-06-01,18837.0
1605,2016-06-02,19079.0
1604,2016-06-03,19151.0
1603,2016-06-07,19216.0
1602,2016-06-08,19274.0
1601,2016-06-09,18958.0
1600,2016-06-10,19090.0
1599,2016-06-13,19827.0
1598,2016-06-14,19588.0
1597,2016-06-15,19347.0
1596,2016-06-16,19137.0
1595,2016-06-17,19152.0
1594,2016-06-20,18244.0
1593,2016-06-21,19334.0
1592,2016-06-22,19043.0
1591,2016-06-23,18941.0
1590,2016-06-24,18864.0
1589,2016-06-27,18709.0
1588,2016-06-28,19240.0
1587,2016-06-29,18931.0
1586,2016-06-30,19185.0
1585,2016-07-01,19166.0
1584,2016-07-04,19109.0
1583,2016-07-05,19262.0
1582,2016-07-06,19229.0
1581,2016-07-07,19094.0
1580,2016-07-08,19326.0
1579,2016-07-11,19244.0
1578,2016-07-12,19514.0
1577,2016-07-13,19211.0
1576,2016-07-14,18998.0
1575,2016-07-15,18907.0
1574,2016-07-18,19176.0
1573,2016-07-19,19035.0
1572,2016-07-20,18530.0
1571,2016-07-21,18084.0
1570,2016-07-22,18131.0
1569,2016-07-25,17383.0
1568,2016-07-26,18190.0
1567,2016-07-27,18342.0
1566,2016-07-28,18549.0
1565,2016-07-29,18261.0
1564,2016-08-01,17732.0
1563,2016-08-02,18793.0
1562,2016-08-03,18990.0
1561,2016-08-04,19028.0
1560,2016-08-05,19225.0
1559,2016-08-08,18499.0
1558,2016-08-09,19317.0
1557,2016-08-10,19315.0
1556,2016-08-11,18941.0
1555,2016-08-12,18304.0
1554,2016-08-16,18786.0
1553,2016-08-17,18900.0
1552,2016-08-18,18908.0
1551,2016-08-19,18244.0
1550,2016-08-22,17527.0
1549,2016-08-23,18541.0
1548,2016-08-24,18471.0
1547,2016-08-25,18234.0
1546,2016-08-26,17716.0
1545,2016-08-29,17466.0
1544,2016-08-30,18190.0
1543,2016-08-31,18166.0
1542,2016-09-01,18424.0
1541,2016-09-02,18573.0
1540,2016-09-05,18725.0
1539,2016-09-06,19202.0
1538,2016-09-07,19481.0
1537,2016-09-08,19317.0
1536,2016-09-09,19162.0
1535,2016-09-12,19143.0
1534,2016-09-19,19143.0
1533,2016-09-20,19313.0
1532,2016-09-21,19151.0
1531,2016-09-22,19052.0
1530,2016-09-23,19278.0
1529,2016-09-26,19125.0
1528,2016-09-27,18890.0
1527,2016-09-28,18743.0
1526,2016-09-29,18228.0
1525,2016-09-30,17605.0
1524,2016-10-04,17847.0
1523,2016-10-05,18597.0
1522,2016-10-06,18608.0
1521,2016-10-07,18460.0
1520,2016-10-10,18646.0
1519,2016-10-11,18807.0
1518,2016-10-12,18449.0
1517,2016-10-13,17985.0
1516,2016-10-14,17646.0
1515,2016-10-17,17091.0
1514,2016-10-18,17873.0
1513,2016-10-19,17705.0
1512,2016-10-20,17543.0
1511,2016-10-21,17086.0
1510,2016-10-24,16762.0
1509,2016-10-25,17251.0
1508,2016-10-26,17028.0
1507,2016-10-27,16424.0
1506,2016-10-28,15845.0
1505,2016-10-31,15474.0
1504,2016-11-01,16789.0
1503,2016-11-02,16657.0
1502,2016-11-03,16895.0
1501,2016-11-04,17014.0
1500,2016-11-07,16530.0
1499,2016-11-08,17246.0
1498,2016-11-09,17164.0
1497,2016-11-10,17025.0
1496,2016-11-11,16766.0
1495,2016-11-14,16532.0
1494,2016-11-15,17120.0
1493,2016-11-16,16993.0
1492,2016-11-17,16533.0
1491,2016-11-18,16170.0
1490,2016-11-21,15435.0
1489,2016-11-22,16317.0
1488,2016-11-23,16250.0
1487,2016-11-24,16128.0
1486,2016-11-25,15841.0
1485,2016-11-28,16088.0
1484,2016-11-29,16360.0
1483,2016-11-30,16436.0
1482,2016-12-01,16913.0
1481,2016-12-02,16878.0
1480,2016-12-05,17091.0
1479,2016-12-06,17387.0
1478,2016-12-07,17357.0
1477,2016-12-08,16953.0
1476,2016-12-09,16291.0
1475,2016-12-12,16156.0
1474,2016-12-13,16480.0
1473,2016-12-14,16359.0
1472,2016-12-15,15796.0
1471,2016-12-16,14339.0
1470,2016-12-19,13327.0
1469,2016-12-20,14242.0
1468,2016-12-21,14302.0
1467,2016-12-22,14491.0
1466,2016-12-23,14663.0
1465,2016-12-26,14407.0
1464,2016-12-27,15821.0
1463,2016-12-28,16176.0
1462,2016-12-29,16111.0
1461,2016-12-30,15533.0
1460,2017-01-02,15650.0
1459,2017-01-03,16575.0
1458,2017-01-04,16709.0
1457,2017-01-05,16699.0
1456,2017-01-06,16477.0
1455,2017-01-09,15950.0
1454,2017-01-10,16301.0
1453,2017-01-11,16286.0
1452,2017-01-12,16156.0
1451,2017-01-13,15757.0
1450,2017-01-16,15100.0
1449,2017-01-17,15582.0
1448,2017-01-18,15581.0
1447,2017-01-19,15137.0
1446,2017-01-20,14454.0
1445,2017-01-23,14364.0
1444,2017-01-24,14674.0
1443,2017-01-25,14819.0
1442,2017-01-31,14688.0
1441,2017-02-01,16111.0
1440,2017-02-02,16989.0
1439,2017-02-03,17326.0
1438,2017-02-06,17277.0
1437,2017-02-07,17200.0
1436,2017-02-08,17039.0
1435,2017-02-09,16459.0
1434,2017-02-10,16318.0
1433,2017-02-13,15928.0
1432,2017-02-14,16373.0
1431,2017-02-15,15910.0
1430,2017-02-16,15846.0
1429,2017-02-17,15487.0
1428,2017-02-20,14600.0
1427,2017-02-21,15938.0
1426,2017-02-22,16010.0
1425,2017-02-23,16482.0
1424,2017-02-24,16699.0
1423,2017-02-27,16625.0
1422,2017-02-28,16901.0
1421,2017-03-02,17048.0
1420,2017-03-03,17250.0
1419,2017-03-06,17243.0
1418,2017-03-07,17220.0
1417,2017-03-08,16848.0
1416,2017-03-09,16756.0
1415,2017-03-10,16311.0
1414,2017-03-13,15295.0
1413,2017-03-14,16286.0
1412,2017-03-15,15916.0
1411,2017-03-16,15561.0
1410,2017-03-17,15257.0
1409,2017-03-20,15311.0
1408,2017-03-21,15526.0
1407,2017-03-22,15438.0
1406,2017-03-23,15701.0
1405,2017-03-24,16219.0
1404,2017-03-27,15918.0
1403,2017-03-28,16211.0
1402,2017-03-29,16281.0
1401,2017-03-30,16232.0
1400,2017-03-31,16160.0
1399,2017-04-03,15866.0
1398,2017-04-04,16728.0
1397,2017-04-05,16571.0
1396,2017-04-06,16660.0
1395,2017-04-07,16508.0
1394,2017-04-10,15415.0
1393,2017-04-11,16878.0
1392,2017-04-12,16519.0
1391,2017-04-13,16425.0
1390,2017-04-14,16101.0
1389,2017-04-17,15952.0
1388,2017-04-18,16575.0
1387,2017-04-19,16364.0
1386,2017-04-20,16007.0
1385,2017-04-21,15126.0
1384,2017-04-24,14264.0
1383,2017-04-25,16241.0
1382,2017-04-26,15811.0
1381,2017-04-27,15266.0
1380,2017-04-28,14530.0
1379,2017-05-02,15518.0
1378,2017-05-04,14842.0
1377,2017-05-08,14397.0
1376,2017-05-10,16197.0
1375,2017-05-11,16402.0
1374,2017-05-12,16826.0
1373,2017-05-15,16271.0
1372,2017-05-16,17089.0
1371,2017-05-17,16756.0
1370,2017-05-18,16719.0
1369,2017-05-19,16451.0
1368,2017-05-22,16280.0
1367,2017-05-23,16888.0
1366,2017-05-24,16526.0
1365,2017-05-25,15892.0
1364,2017-05-26,15919.0
1363,2017-05-29,15887.0
1362,2017-05-30,16157.0
1361,2017-05-31,16233.0
1360,2017-06-01,16455.0
1359,2017-06-02,17055.0
1358,2017-06-05,17036.0
1357,2017-06-07,16925.0
1356,2017-06-08,17035.0
1355,2017-06-09,16768.0
1354,2017-06-12,15831.0
1353,2017-06-13,16903.0
1352,2017-06-14,16778.0
1351,2017-06-15,16200.0
1350,2017-06-16,16125.0
1349,2017-06-19,16015.0
1348,2017-06-20,16502.0
1347,2017-06-21,16340.0
1346,2017-06-22,16334.0
1345,2017-06-23,16410.0
1344,2017-06-26,16090.0
1343,2017-06-27,16544.0
1342,2017-06-28,16748.0
1341,2017-06-29,16975.0
1340,2017-06-30,16682.0
1339,2017-07-03,15456.0
1338,2017-07-04,16986.0
1337,2017-07-05,16989.0
1336,2017-07-06,16781.0
1335,2017-07-07,16449.0
1334,2017-07-10,15693.0
1333,2017-07-11,16916.0
1332,2017-07-12,16578.0
1331,2017-07-13,16201.0
1330,2017-07-14,16199.0
1329,2017-07-17,15780.0
1328,2017-07-18,16362.0
1327,2017-07-19,16113.0
1326,2017-07-20,16184.0
1325,2017-07-21,16501.0
1324,2017-07-24,15805.0
1323,2017-07-25,16460.0
1322,2017-07-26,16547.0
1321,2017-07-27,17002.0
1320,2017-07-28,17162.0
1319,2017-07-31,14696.0
1318,2017-08-01,16922.0
1317,2017-08-02,17042.0
1316,2017-08-03,17237.0
1315,2017-08-04,18055.0
1314,2017-08-07,17695.0
1313,2017-08-08,17553.0
1312,2017-08-09,17274.0
1311,2017-08-10,17208.0
1310,2017-08-11,16992.0
1309,2017-08-14,15322.0
1308,2017-08-16,16697.0
1307,2017-08-17,16928.0
1306,2017-08-18,16545.0
1305,2017-08-21,15145.0
1304,2017-08-22,17123.0
1303,2017-08-23,17120.0
1302,2017-08-24,16970.0
1301,2017-08-25,16808.0
1300,2017-08-28,17464.0
1299,2017-08-29,17203.0
1298,2017-08-30,17299.0
1297,2017-08-31,16883.0
1296,2017-09-01,16859.0
1295,2017-09-04,16637.0
1294,2017-09-05,17296.0
1293,2017-09-06,17545.0
1292,2017-09-07,17510.0
1291,2017-09-08,17182.0
1290,2017-09-11,16766.0
1289,2017-09-12,17654.0
1288,2017-09-13,17754.0
1287,2017-09-14,17708.0
1286,2017-09-15,17350.0
1285,2017-09-18,16631.0
1284,2017-09-19,17730.0
1283,2017-09-20,17648.0
1282,2017-09-21,17681.0
1281,2017-09-22,17308.0
1280,2017-09-25,16515.0
1279,2017-09-26,17804.0
1278,2017-09-27,17912.0
1277,2017-09-28,17823.0
1276,2017-09-29,18577.0
1275,2017-10-10,17208.0
1274,2017-10-11,17749.0
1273,2017-10-12,17532.0
1272,2017-10-13,17667.0
1271,2017-10-16,16213.0
1270,2017-10-17,17479.0
1269,2017-10-18,17766.0
1268,2017-10-19,17277.0
1267,2017-10-20,16888.0
1266,2017-10-23,16190.0
1265,2017-10-24,17442.0
1264,2017-10-25,17334.0
1263,2017-10-26,17110.0
1262,2017-10-27,16541.0
1261,2017-10-30,16062.0
1260,2017-10-31,17283.0
1259,2017-11-01,17330.0
1258,2017-11-02,17641.0
1257,2017-11-03,17392.0
1256,2017-11-06,17268.0
1255,2017-11-07,17756.0
1254,2017-11-08,17636.0
1253,2017-11-09,17424.0
1252,2017-11-10,17043.0
1251,2017-11-13,16923.0
1250,2017-11-14,17578.0
1249,2017-11-15,17267.0
1248,2017-11-16,16971.0
1247,2017-11-17,16744.0
1246,2017-11-20,16346.0
1245,2017-11-21,17134.0
1244,2017-11-22,17196.0
1243,2017-11-23,17249.0
1242,2017-11-24,17027.0
1241,2017-11-27,15790.0
1240,2017-11-28,17509.0
1239,2017-11-29,17727.0
1238,2017-11-30,17950.0
1237,2017-12-01,18181.0
1236,2017-12-04,17515.0
1235,2017-12-05,18047.0
1234,2017-12-06,17891.0
1233,2017-12-07,17578.0
1232,2017-12-08,17111.0
1231,2017-12-11,16696.0
1230,2017-12-12,17415.0
1229,2017-12-13,17183.0
1228,2017-12-14,16810.0
1227,2017-12-15,16260.0
1226,2017-12-18,16026.0
1225,2017-12-19,16900.0
1224,2017-12-20,16958.0
1223,2017-12-21,16702.0
1222,2017-12-22,16615.0
1221,2017-12-26,16297.0
1220,2017-12-27,17297.0
1219,2017-12-28,17260.0
1218,2017-12-29,17520.0
1217,2018-01-02,16590.0
1216,2018-01-03,17849.0
1215,2018-01-04,17978.0
1214,2018-01-05,18010.0
1213,2018-01-08,17424.0
1212,2018-01-09,18194.0
1211,2018-01-10,18052.0
1210,2018-01-11,17901.0
1209,2018-01-12,17176.0
1208,2018-01-15,16515.0
1207,2018-01-16,17498.0
1206,2018-01-17,17486.0
1205,2018-01-18,17122.0
1204,2018-01-19,16502.0
1203,2018-01-22,16280.0
1202,2018-01-23,16840.0
1201,2018-01-24,16761.0
1200,2018-01-25,16721.0
1199,2018-01-26,16338.0
1198,2018-01-29,15901.0
1197,2018-01-30,16689.0
1196,2018-01-31,16844.0
1195,2018-02-01,16930.0
1194,2018-02-02,17059.0
1193,2018-02-05,17541.0
1192,2018-02-06,17982.0
1191,2018-02-07,18303.0
1190,2018-02-08,18097.0
1189,2018-02-09,17699.0
1188,2018-02-12,17401.0
1187,2018-02-13,16988.0
1186,2018-02-19,16988.0
1185,2018-02-20,17659.0
1184,2018-02-21,18006.0
1183,2018-02-22,18531.0
1182,2018-02-23,18333.0
1181,2018-02-26,17869.0
1180,2018-02-27,18310.0
1179,2018-02-28,17730.0
1178,2018-03-02,17844.0
1177,2018-03-05,16225.0
1176,2018-03-06,17698.0
1175,2018-03-07,17682.0
1174,2018-03-08,17651.0
1173,2018-03-09,17559.0
1172,2018-03-12,16782.0
1171,2018-03-13,17777.0
1170,2018-03-14,17732.0
1169,2018-03-15,17535.0
1168,2018-03-16,17104.0
1167,2018-03-19,16148.0
1166,2018-03-20,17600.0
1165,2018-03-21,17464.0
1164,2018-03-22,17764.0
1163,2018-03-23,17108.0
1162,2018-03-26,16956.0
1161,2018-03-27,17687.0
1160,2018-03-28,18054.0
1159,2018-03-29,18494.0
1158,2018-03-30,18393.0
1157,2018-04-02,17887.0
1156,2018-04-03,18017.0
1155,2018-04-04,17936.0
1154,2018-04-05,18182.0
1153,2018-04-06,17396.0
1152,2018-04-09,17471.0
1151,2018-04-10,18216.0
1150,2018-04-11,18134.0
1149,2018-04-12,18324.0
1148,2018-04-13,17778.0
1147,2018-04-16,16262.0
1146,2018-04-17,18015.0
1145,2018-04-18,18150.0
1144,2018-04-19,17882.0
1143,2018-04-20,17163.0
1142,2018-04-23,16193.0
1141,2018-04-24,17808.0
1140,2018-04-25,17999.0
1139,2018-04-26,17732.0
1138,2018-04-27,17313.0
1137,2018-04-30,16251.0
1136,2018-05-01,17742.0
1135,2018-05-02,17712.0
1134,2018-05-03,17481.0
1133,2018-05-04,16986.0
1132,2018-05-08,13782.0
1131,2018-05-09,17542.0
1130,2018-05-10,17631.0
1129,2018-05-11,17507.0
1128,2018-05-14,15628.0
1127,2018-05-15,18137.0
1126,2018-05-16,18032.0
1125,2018-05-17,18465.0
1124,2018-05-18,18403.0
1123,2018-05-21,17035.0
1122,2018-05-22,18067.0
1121,2018-05-23,18349.0
1120,2018-05-24,18293.0
1119,2018-05-25,17897.0
1118,2018-05-28,17058.0
1117,2018-05-29,18417.0
1116,2018-05-30,18176.0
1115,2018-05-31,18462.0
1114,2018-06-01,18367.0
1113,2018-06-04,16579.0
1112,2018-06-05,18525.0
1111,2018-06-07,18281.0
1110,2018-06-08,17763.0
1109,2018-06-11,13709.0
1108,2018-06-12,18299.0
1107,2018-06-13,15379.0
1106,2018-06-14,18438.0
1105,2018-06-15,18323.0
1104,2018-06-18,17954.0
1103,2018-06-19,18522.0
1102,2018-06-20,18331.0
1101,2018-06-21,18178.0
1100,2018-06-22,17996.0
1099,2018-06-25,17718.0
1098,2018-06-26,18161.0
1097,2018-06-27,17787.0
1096,2018-06-28,17613.0
1095,2018-06-29,16980.0
1094,2018-07-02,16090.0
1093,2018-07-03,17857.0
1092,2018-07-04,17713.0
1091,2018-07-05,17864.0
1090,2018-07-06,18111.0
1089,2018-07-09,16503.0
1088,2018-07-10,18001.0
1087,2018-07-11,17557.0
1086,2018-07-12,17350.0
1085,2018-07-13,17041.0
1084,2018-07-16,15791.0
1083,2018-07-17,17474.0
1082,2018-07-18,17128.0
1081,2018-07-19,17272.0
1080,2018-07-20,17044.0
1079,2018-07-23,15603.0
1078,2018-07-24,17488.0
1077,2018-07-25,17315.0
1076,2018-07-26,17542.0
1075,2018-07-27,17240.0
1074,2018-07-30,13895.0
1073,2018-07-31,17608.0
1072,2018-08-01,17908.0
1071,2018-08-02,18593.0
1070,2018-08-03,17544.0
1069,2018-08-06,17034.0
1068,2018-08-07,18388.0
1067,2018-08-08,18141.0
1066,2018-08-09,18113.0
1065,2018-08-10,18001.0
1064,2018-08-13,17309.0
1063,2018-08-14,18208.0
1062,2018-08-16,18419.0
1061,2018-08-17,17669.0
1060,2018-08-20,16581.0
1059,2018-08-21,18359.0
1058,2018-08-22,18230.0
1057,2018-08-23,17983.0
1056,2018-08-24,17510.0
1055,2018-08-27,17750.0
1054,2018-08-28,18054.0
1053,2018-08-29,18195.0
1052,2018-08-30,17891.0
1051,2018-08-31,17374.0
1050,2018-09-03,17476.0
1049,2018-09-04,18326.0
1048,2018-09-05,18428.0
1047,2018-09-06,18312.0
1046,2018-09-07,18089.0
1045,2018-09-10,17651.0
1044,2018-09-11,18825.0
1043,2018-09-12,18846.0
1042,2018-09-13,18782.0
1041,2018-09-14,18393.0
1040,2018-09-17,17990.0
1039,2018-09-18,18314.0
1038,2018-09-19,18116.0
1037,2018-09-20,17276.0
1036,2018-09-21,16567.0
1035,2018-09-28,17726.0
1034,2018-10-01,18146.0
1033,2018-10-02,18553.0
1032,2018-10-04,18808.0
1031,2018-10-05,18555.0
1030,2018-10-08,17680.0
1029,2018-10-10,18678.0
1028,2018-10-11,18400.0
1027,2018-10-12,18252.0
1026,2018-10-15,16929.0
1025,2018-10-16,18096.0
1024,2018-10-17,18290.0
1023,2018-10-18,17494.0
1022,2018-10-19,17192.0
1021,2018-10-22,16269.0
1020,2018-10-23,17661.0
1019,2018-10-24,17277.0
1018,2018-10-25,17095.0
1017,2018-10-26,17072.0
1016,2018-10-29,16080.0
1015,2018-10-30,17484.0
1014,2018-10-31,17568.0
1013,2018-11-01,17878.0
1012,2018-11-02,17779.0
1011,2018-11-05,17588.0
1010,2018-11-06,18242.0
1009,2018-11-07,18013.0
1008,2018-11-08,17927.0
1007,2018-11-09,17714.0
1006,2018-11-12,16533.0
1005,2018-11-13,17802.0
1004,2018-11-14,17508.0
1003,2018-11-15,17189.0
1002,2018-11-16,17006.0
1001,2018-11-19,16624.0
1000,2018-11-20,17509.0
999,2018-11-21,17490.0
998,2018-11-22,17466.0
997,2018-11-23,17036.0
996,2018-11-26,14222.0
995,2018-11-27,17693.0
994,2018-11-28,17623.0
993,2018-11-29,17778.0
992,2018-11-30,17600.0
991,2018-12-03,16585.0
990,2018-12-04,18034.0
989,2018-12-05,17859.0
988,2018-12-06,17848.0
987,2018-12-07,17436.0
986,2018-12-10,16589.0
985,2018-12-11,17881.0
984,2018-12-12,17687.0
983,2018-12-13,17332.0
982,2018-12-14,16972.0
981,2018-12-17,15751.0
980,2018-12-18,17340.0
979,2018-12-19,17053.0
978,2018-12-20,16854.0
977,2018-12-21,16136.0
976,2018-12-24,15899.0
975,2018-12-26,16999.0
974,2018-12-27,17296.0
973,2018-12-28,17239.0
972,2018-12-31,17020.0
971,2019-01-02,18076.0
970,2019-01-03,18296.0
969,2019-01-04,18388.0
968,2019-01-07,17619.0
967,2019-01-08,18668.0
966,2019-01-09,18743.0
965,2019-01-10,18675.0
964,2019-01-11,18019.0
963,2019-01-14,17474.0
962,2019-01-15,18038.0
961,2019-01-16,18011.0
960,2019-01-17,17939.0
959,2019-01-18,17305.0
958,2019-01-21,16544.0
957,2019-01-22,17061.0
956,2019-01-23,17002.0
955,2019-01-24,16847.0
954,2019-01-25,16412.0
953,2019-01-28,17082.0
952,2019-01-29,17883.0
951,2019-01-30,18283.0
950,2019-01-31,18064.0
949,2019-02-01,17502.0
948,2019-02-07,17502.0
947,2019-02-08,18170.0
946,2019-02-11,18070.0
945,2019-02-12,17839.0
944,2019-02-13,17821.0
943,2019-02-14,17524.0
942,2019-02-15,17468.0
941,2019-02-18,16824.0
940,2019-02-19,17269.0
939,2019-02-20,17538.0
938,2019-02-21,17971.0
937,2019-02-22,17414.0
936,2019-02-25,18455.0
935,2019-02-26,18007.0
934,2019-02-27,17918.0
933,2019-02-28,17690.0
932,2019-03-04,15430.0
931,2019-03-05,17798.0
930,2019-03-06,17744.0
929,2019-03-07,17762.0
928,2019-03-08,17386.0
927,2019-03-11,17542.0
926,2019-03-12,17934.0
925,2019-03-13,17308.0
924,2019-03-14,17173.0
923,2019-03-15,16972.0
922,2019-03-18,16277.0
921,2019-03-19,17322.0
920,2019-03-20,17238.0
919,2019-03-21,17285.0
918,2019-03-22,17255.0
917,2019-03-25,17452.0
916,2019-03-26,17523.0
915,2019-03-27,17573.0
914,2019-03-28,17824.0
913,2019-03-29,16978.0
912,2019-04-01,17079.0
911,2019-04-02,17759.0
910,2019-04-03,17797.0
909,2019-04-04,18010.0
908,2019-04-05,17736.0
907,2019-04-08,17691.0
906,2019-04-09,17859.0
905,2019-04-10,17592.0
904,2019-04-11,17406.0
903,2019-04-12,17380.0
902,2019-04-15,16825.0
901,2019-04-16,17496.0
900,2019-04-17,17262.0
899,2019-04-18,17175.0
898,2019-04-19,15458.0
897,2019-04-22,15177.0
896,2019-04-23,17301.0
895,2019-04-24,17104.0
894,2019-04-25,17109.0
893,2019-04-26,16533.0
892,2019-04-29,15422.0
891,2019-04-30,17178.0
890,2019-05-01,17254.0
889,2019-05-02,16827.0
888,2019-05-03,16071.0
887,2019-05-07,14461.0
886,2019-05-08,17476.0
885,2019-05-09,17381.0
884,2019-05-10,17038.0
883,2019-05-13,15592.0
882,2019-05-14,17962.0
881,2019-05-15,17889.0
880,2019-05-16,17983.0
879,2019-05-17,17580.0
878,2019-05-20,16767.0
877,2019-05-21,18149.0
876,2019-05-22,18150.0
875,2019-05-23,18019.0
874,2019-05-24,16733.0
873,2019-05-27,15551.0
872,2019-05-28,18071.0
871,2019-05-29,18043.0
870,2019-05-30,18386.0
869,2019-05-31,17785.0
868,2019-06-03,15710.0
867,2019-06-04,18601.0
866,2019-06-05,18332.0
865,2019-06-06,17088.0
864,2019-06-07,18354.0
863,2019-06-10,15122.0
862,2019-06-11,18243.0
861,2019-06-12,18075.0
860,2019-06-13,17837.0
859,2019-06-14,17981.0
858,2019-06-17,16647.0
857,2019-06-18,18211.0
856,2019-06-19,17713.0
855,2019-06-20,17496.0
854,2019-06-21,17579.0
853,2019-06-24,16246.0
852,2019-06-25,17892.0
851,2019-06-26,17508.0
850,2019-06-27,17480.0
849,2019-06-28,17155.0
848,2019-07-01,18008.0
847,2019-07-02,17949.0
846,2019-07-03,18063.0
845,2019-07-04,18258.0
844,2019-07-05,17774.0
843,2019-07-08,16210.0
842,2019-07-09,18213.0
841,2019-07-10,17600.0
840,2019-07-11,17632.0
839,2019-07-12,17472.0
838,2019-07-15,17339.0
837,2019-07-16,17741.0
836,2019-07-17,17571.0
835,2019-07-18,17489.0
834,2019-07-19,16736.0
833,2019-07-22,15659.0
832,2019-07-23,17738.0
831,2019-07-24,17375.0
830,2019-07-25,17014.0
829,2019-07-26,16564.0
828,2019-07-29,15838.0
827,2019-07-30,17346.0
826,2019-07-31,17455.0
825,2019-08-01,17617.0
824,2019-08-02,17831.0
823,2019-08-05,13439.0
822,2019-08-06,17907.0
821,2019-08-07,17874.0
820,2019-08-08,17715.0
819,2019-08-09,17552.0
818,2019-08-12,15772.0
817,2019-08-13,17926.0
816,2019-08-14,17809.0
815,2019-08-15,17920.0
814,2019-08-16,17215.0
813,2019-08-19,16279.0
812,2019-08-20,18204.0
811,2019-08-21,18321.0
810,2019-08-22,18337.0
809,2019-08-23,17926.0
808,2019-08-26,17656.0
807,2019-08-27,18727.0
806,2019-08-28,18861.0
805,2019-08-29,18795.0
804,2019-08-30,18435.0
803,2019-09-02,18186.0
802,2019-09-03,18691.0
801,2019-09-04,18849.0
800,2019-09-05,18750.0
799,2019-09-06,18050.0
798,2019-09-09,17783.0
797,2019-09-10,18667.0
796,2019-09-11,14596.0
795,2019-09-16,14596.0
794,2019-09-17,19178.0
793,2019-09-18,19266.0
792,2019-09-19,19473.0
791,2019-09-20,19250.0
790,2019-09-23,14246.0
789,2019-09-24,18835.0
788,2019-09-25,18628.0
787,2019-09-26,18227.0
786,2019-09-27,17641.0
785,2019-09-30,14150.0
784,2019-10-01,18045.0
783,2019-10-02,17607.0
782,2019-10-03,20579.0
781,2019-10-04,17734.0
780,2019-10-07,16052.0
779,2019-10-08,18065.0
778,2019-10-09,18085.0
777,2019-10-10,18602.0
776,2019-10-11,18587.0
775,2019-10-14,16675.0
774,2019-10-15,18717.0
773,2019-10-16,18974.0
772,2019-10-17,18713.0
771,2019-10-18,18438.0
770,2019-10-21,17095.0
769,2019-10-22,18525.0
768,2019-10-23,18272.0
767,2019-10-24,17995.0
766,2019-10-25,17869.0
765,2019-10-28,17431.0
764,2019-10-29,18036.0
763,2019-10-30,17725.0
762,2019-10-31,17666.0
761,2019-11-01,17609.0
760,2019-11-04,16963.0
759,2019-11-05,18001.0
758,2019-11-06,18169.0
757,2019-11-07,18206.0
756,2019-11-08,17905.0
755,2019-11-11,16834.0
754,2019-11-12,18479.0
753,2019-11-13,18287.0
752,2019-11-14,18410.0
751,2019-11-15,18055.0
750,2019-11-18,16844.0
749,2019-11-19,18653.0
748,2019-11-20,18381.0
747,2019-11-21,18307.0
746,2019-11-22,18184.0
745,2019-11-25,17283.0
744,2019-11-26,18411.0
743,2019-11-27,18334.0
742,2019-11-28,18243.0
741,2019-11-29,18177.0
740,2019-12-02,14336.0
739,2019-12-03,18660.0
738,2019-12-04,18660.0
737,2019-12-05,18707.0
736,2019-12-06,18437.0
735,2019-12-09,16570.0
734,2019-12-10,18749.0
733,2019-12-11,18651.0
732,2019-12-12,18513.0
731,2019-12-13,18048.0
730,2019-12-16,17735.0
729,2019-12-17,18572.0
728,2019-12-18,18536.0
727,2019-12-19,18429.0
726,2019-12-20,17766.0
725,2019-12-23,17630.0
724,2019-12-24,18566.0
723,2019-12-26,18516.0
722,2019-12-27,18089.0
721,2019-12-30,18155.0
720,2019-12-31,19129.0
719,2020-01-02,19293.0
718,2020-01-03,19261.0
717,2020-01-06,19630.0
716,2020-01-07,20230.0
715,2020-01-08,20456.0
714,2020-01-09,20573.0
713,2020-01-10,20485.0
712,2020-01-13,19829.0
711,2020-01-14,20113.0
710,2020-01-15,20029.0
709,2020-01-16,19874.0
708,2020-01-17,19474.0
707,2020-01-20,18037.0
706,2020-01-21,17368.0
705,2020-01-22,16069.0
704,2020-01-23,13457.0
703,2020-01-28,13457.0
702,2020-01-29,17935.0
701,2020-01-30,18317.0
700,2020-01-31,19446.0
699,2020-02-03,16095.0
698,2020-02-04,18557.0
697,2020-02-05,18186.0
696,2020-02-06,18067.0
695,2020-02-07,18234.0
694,2020-02-10,18289.0
693,2020-02-11,18420.0
692,2020-02-12,18520.0
691,2020-02-13,18833.0
690,2020-02-14,19107.0
689,2020-02-17,14247.0
688,2020-02-18,18944.0
687,2020-02-19,19163.0
686,2020-02-20,19348.0
685,2020-02-21,19069.0
684,2020-02-24,16635.0
683,2020-02-25,19045.0
682,2020-02-26,18941.0
681,2020-02-27,18862.0
680,2020-02-28,18790.0
679,2020-03-02,15519.0
678,2020-03-03,18708.0
677,2020-03-04,18571.0
676,2020-03-05,18723.0
675,2020-03-06,18570.0
674,2020-03-09,16124.0
673,2020-03-10,18668.0
672,2020-03-11,18608.0
671,2020-03-12,19011.0
670,2020-03-13,18620.0
669,2020-03-16,17114.0
668,2020-03-17,18761.0
667,2020-03-18,18543.0
666,2020-03-19,19129.0
665,2020-03-20,18412.0
664,2020-03-23,17404.0
663,2020-03-24,18617.0
662,2020-03-25,18704.0
661,2020-03-26,18764.0
660,2020-03-27,18257.0
659,2020-03-30,13542.0
658,2020-03-31,18511.0
657,2020-04-01,18693.0
656,2020-04-02,19346.0
655,2020-04-03,18487.0
654,2020-04-06,14860.0
653,2020-04-07,19180.0
652,2020-04-08,19497.0
651,2020-04-09,19437.0
650,2020-04-10,19037.0
649,2020-04-13,18062.0
648,2020-04-14,19620.0
647,2020-04-16,19847.0
646,2020-04-17,19739.0
645,2020-04-20,16865.0
644,2020-04-21,20346.0
643,2020-04-22,20341.0
642,2020-04-23,20211.0
641,2020-04-24,19750.0
640,2020-04-27,19060.0
639,2020-04-28,20396.0
638,2020-04-29,20001.0
637,2020-04-30,19883.0
636,2020-05-01,19934.0
635,2020-05-04,14772.0
634,2020-05-05,18727.0
633,2020-05-06,20011.0
632,2020-05-07,19963.0
631,2020-05-08,19649.0
630,2020-05-11,19641.0
629,2020-05-12,20189.0
628,2020-05-13,20182.0
627,2020-05-14,20396.0
626,2020-05-15,20217.0
625,2020-05-18,18956.0
624,2020-05-19,20542.0
623,2020-05-20,20521.0
622,2020-05-21,20906.0
621,2020-05-22,21304.0
620,2020-05-25,18523.0
619,2020-05-26,21372.0
618,2020-05-27,21607.0
617,2020-05-28,22259.0
616,2020-05-29,22409.0
615,2020-06-01,17790.0
614,2020-06-02,22227.0
613,2020-06-03,22223.0
612,2020-06-04,21885.0
611,2020-06-05,20560.0
610,2020-06-08,20266.0
609,2020-06-09,20493.0
608,2020-06-10,19519.0
607,2020-06-11,18615.0
606,2020-06-12,17582.0
605,2020-06-15,15937.0
604,2020-06-16,18235.0
603,2020-06-17,18564.0
602,2020-06-18,18961.0
601,2020-06-19,19084.0
600,2020-06-22,15557.0
599,2020-06-23,19301.0
598,2020-06-24,19101.0
597,2020-06-25,18780.0
596,2020-06-26,18611.0
595,2020-06-29,13378.0
594,2020-06-30,19330.0
593,2020-07-01,19843.0
592,2020-07-02,20490.0
591,2020-07-03,20778.0
590,2020-07-06,16144.0
589,2020-07-07,20586.0
588,2020-07-08,20228.0
587,2020-07-09,20329.0
586,2020-07-10,19488.0
585,2020-07-13,17154.0
584,2020-07-14,20504.0
583,2020-07-15,20603.0
582,2020-07-16,20477.0
581,2020-07-17,19697.0
580,2020-07-20,17352.0
579,2020-07-21,20377.0
578,2020-07-22,20406.0
577,2020-07-23,20439.0
576,2020-07-24,20296.0
575,2020-07-27,16377.0
574,2020-07-28,20338.0
573,2020-07-29,20441.0
572,2020-07-30,20483.0
571,2020-07-31,20334.0
570,2020-08-03,17261.0
569,2020-08-04,20905.0
568,2020-08-05,20948.0
567,2020-08-06,20886.0
566,2020-08-07,19681.0
565,2020-08-10,19304.0
564,2020-08-11,20761.0
563,2020-08-12,21185.0
562,2020-08-13,20815.0
561,2020-08-14,20195.0
560,2020-08-17,17320.0
559,2020-08-18,20358.0
558,2020-08-19,20812.0
557,2020-08-20,20600.0
556,2020-08-21,20432.0
555,2020-08-24,19016.0
554,2020-08-25,20399.0
553,2020-08-26,20261.0
552,2020-08-27,20360.0
551,2020-08-28,19453.0
550,2020-08-31,18288.0
549,2020-09-01,20125.0
548,2020-09-02,20162.0
547,2020-09-03,19973.0
546,2020-09-04,19252.0
545,2020-09-07,19216.0
544,2020-09-08,20390.0
543,2020-09-09,20502.0
542,2020-09-10,20629.0
541,2020-09-11,20186.0
540,2020-09-14,19775.0
539,2020-09-15,21033.0
538,2020-09-16,21078.0
537,2020-09-17,20678.0
536,2020-09-18,20111.0
535,2020-09-21,18970.0
534,2020-09-22,20156.0
533,2020-09-23,19963.0
532,2020-09-24,19810.0
531,2020-09-25,20272.0
530,2020-09-28,22111.0
529,2020-09-29,19667.0
528,2020-10-02,19667.0
527,2020-10-05,
526,2020-10-06,21220.0
525,2020-10-07,21028.0
524,2020-10-08,20673.0
523,2020-10-12,17721.0
522,2020-10-13,20766.0
521,2020-10-14,21258.0
520,2020-10-15,21001.0
519,2020-10-16,20740.0
518,2020-10-19,16757.0
517,2020-10-20,20994.0
516,2020-10-21,20894.0
515,2020-10-22,20621.0
514,2020-10-23,20472.0
513,2020-10-26,18235.0
512,2020-10-27,20511.0
511,2020-10-28,20436.0
510,2020-10-29,19718.0
509,2020-10-30,19173.0
508,2020-11-02,17635.0
507,2020-11-03,20003.0
506,2020-11-04,20037.0
505,2020-11-05,19923.0
504,2020-11-06,19992.0
503,2020-11-09,16136.0
502,2020-11-10,20381.0
501,2020-11-11,20426.0
500,2020-11-12,20398.0
499,2020-11-13,19683.0
498,2020-11-16,17049.0
497,2020-11-17,20434.0
496,2020-11-18,19980.0
495,2020-11-19,19951.0
494,2020-11-20,19689.0
493,2020-11-23,18153.0
492,2020-11-24,19872.0
491,2020-11-25,19437.0
490,2020-11-26,19237.0
489,2020-11-27,18953.0
488,2020-11-30,17308.0
487,2020-12-01,19587.0
486,2020-12-02,19808.0
485,2020-12-03,19970.0
484,2020-12-04,19521.0
483,2020-12-07,14312.0
482,2020-12-08,19846.0
481,2020-12-09,19690.0
480,2020-12-10,19095.0
479,2020-12-11,18617.0
478,2020-12-14,15434.0
477,2020-12-15,19304.0
476,2020-12-16,18675.0
475,2020-12-17,18284.0
474,2020-12-18,18179.0
473,2020-12-21,16251.0
472,2020-12-22,19339.0
471,2020-12-23,19815.0
470,2020-12-24,19667.0
469,2020-12-28,15171.0
468,2020-12-29,20657.0
467,2020-12-30,21026.0
466,2020-12-31,21054.0
465,2021-01-04,21906.0
464,2021-01-05,21450.0
463,2021-01-06,21327.0
462,2021-01-07,21280.0
461,2021-01-08,21130.0
460,2021-01-11,19722.0
459,2021-01-12,21514.0
458,2021-01-13,21648.0
457,2021-01-14,21364.0
456,2021-01-15,20642.0
455,2021-01-18,19817.0
454,2021-01-19,21141.0
453,2021-01-20,21026.0
452,2021-01-21,20562.0
451,2021-01-22,19648.0
450,2021-01-25,19169.0
449,2021-01-26,19656.0
448,2021-01-27,19223.0
447,2021-01-28,18905.0
446,2021-01-29,17766.0
445,2021-02-01,17549.0
444,2021-02-02,20160.0
443,2021-02-03,19752.0
442,2021-02-04,20333.0
441,2021-02-05,21071.0
440,2021-02-08,22418.0
439,2021-02-09,20297.0
438,2021-02-10,15910.0
437,2021-02-15,15910.0
436,2021-02-16,20561.0
435,2021-02-17,20597.0
434,2021-02-18,21150.0
433,2021-02-19,19836.0
432,2021-02-22,13795.0
431,2021-02-23,20431.0
430,2021-02-24,20439.0
429,2021-02-25,20338.0
428,2021-02-26,19730.0
427,2021-03-01,17299.0
426,2021-03-02,20286.0
425,2021-03-03,20684.0
424,2021-03-04,21145.0
423,2021-03-05,21542.0
422,2021-03-08,16095.0
421,2021-03-09,21196.0
420,2021-03-10,21026.0
419,2021-03-11,20262.0
418,2021-03-12,20359.0
417,2021-03-15,17130.0
416,2021-03-16,20227.0
415,2021-03-17,20203.0
414,2021-03-18,19725.0
413,2021-03-19,19255.0
412,2021-03-22,15243.0
411,2021-03-23,19607.0
410,2021-03-24,19844.0
409,2021-03-25,20214.0
408,2021-03-26,20241.0
407,2021-03-29,16455.0
406,2021-03-30,20556.0
405,2021-03-31,20838.0
404,2021-04-01,21448.0
403,2021-04-02,21695.0
402,2021-04-05,17152.0
401,2021-04-06,21074.0
400,2021-04-07,20918.0
399,2021-04-08,21075.0
398,2021-04-09,20633.0
397,2021-04-12,14458.0
396,2021-04-13,20941.0
395,2021-04-14,20864.0
394,2021-04-15,21072.0
393,2021-04-16,20417.0
392,2021-04-19,16879.0
391,2021-04-20,20786.0
390,2021-04-21,20876.0
389,2021-04-22,20840.0
388,2021-04-23,19830.0
387,2021-04-26,15521.0
386,2021-04-27,20809.0
385,2021-04-28,20832.0
384,2021-04-29,20799.0
383,2021-04-30,21452.0
382,2021-05-03,15633.0
381,2021-05-04,21141.0
380,2021-05-05,19072.0
379,2021-05-06,21097.0
378,2021-05-07,21080.0
377,2021-05-10,15705.0
376,2021-05-11,21312.0
375,2021-05-12,21816.0
374,2021-05-13,21407.0
373,2021-05-14,21149.0
372,2021-05-17,17849.0
371,2021-05-18,21303.0
370,2021-05-19,19279.0
369,2021-05-20,21515.0
368,2021-05-21,21517.0
367,2021-05-24,12967.0
366,2021-05-25,21464.0
365,2021-05-26,21216.0
364,2021-05-27,21276.0
363,2021-05-28,19941.0
362,2021-05-31,13674.0
361,2021-06-01,21716.0
360,2021-06-02,21722.0
359,2021-06-03,22589.0
358,2021-06-04,21457.0
357,2021-06-07,16352.0
356,2021-06-08,21965.0
355,2021-06-09,21836.0
354,2021-06-10,21951.0
353,2021-06-11,21101.0
352,2021-06-14,19900.0
351,2021-06-15,21653.0
350,2021-06-16,21603.0
349,2021-06-17,21643.0
348,2021-06-18,19925.0
347,2021-06-21,14663.0
346,2021-06-22,21565.0
345,2021-06-23,21512.0
344,2021-06-24,21587.0
343,2021-06-25,20079.0
342,2021-06-28,14933.0
341,2021-06-29,21505.0
340,2021-06-30,21541.0
339,2021-07-01,21649.0
338,2021-07-02,20481.0
337,2021-07-05,15147.0
336,2021-07-06,22008.0
335,2021-07-07,21767.0
334,2021-07-08,21957.0
333,2021-07-09,21559.0
332,2021-07-12,15835.0
331,2021-07-13,21776.0
330,2021-07-14,21383.0
329,2021-07-15,21001.0
328,2021-07-16,20015.0
327,2021-07-19,14686.0
326,2021-07-20,20654.0
325,2021-07-21,20495.0
324,2021-07-22,20226.0
323,2021-07-23,18892.0
322,2021-07-26,15108.0
321,2021-07-27,20614.0
320,2021-07-28,21236.0
319,2021-07-29,21449.0
318,2021-07-30,21144.0
317,2021-08-02,15202.0
316,2021-08-03,21631.0
315,2021-08-04,21900.0
314,2021-08-05,22123.0
313,2021-08-06,20783.0
312,2021-08-09,17399.0
311,2021-08-10,22151.0
310,2021-08-11,21810.0
309,2021-08-12,21464.0
308,2021-08-13,21151.0
307,2021-08-16,19429.0
306,2021-08-17,21750.0
305,2021-08-18,21638.0
304,2021-08-19,21531.0
303,2021-08-20,21098.0
302,2021-08-23,19257.0
301,2021-08-24,21864.0
300,2021-08-25,22013.0
299,2021-08-26,21913.0
298,2021-08-27,21431.0
297,2021-08-30,19673.0
296,2021-08-31,22366.0
295,2021-09-01,22499.0
294,2021-09-02,22359.0
293,2021-09-03,21588.0
292,2021-09-06,21573.0
291,2021-09-07,22836.0
290,2021-09-08,22980.0
289,2021-09-09,22804.0
288,2021-09-10,22238.0
287,2021-09-13,22296.0
286,2021-09-14,22862.0
285,2021-09-15,22531.0
284,2021-09-16,22604.0
283,2021-09-17,22792.0
282,2021-09-23,15390.0
281,2021-09-24,22274.0
280,2021-09-27,23317.0
279,2021-09-28,23504.0
278,2021-09-29,22693.0
277,2021-09-30,23117.0
276,2021-10-01,23064.0
275,2021-10-04,23064.0
274,2021-10-05,23464.0
273,2021-10-06,23058.0
272,2021-10-07,22742.0
271,2021-10-08,21043.0
270,2021-10-11,19159.0
269,2021-10-12,21238.0
268,2021-10-13,21049.0
267,2021-10-14,20081.0
266,2021-10-15,19382.0
265,2021-10-18,16425.0
264,2021-10-19,20196.0
263,2021-10-20,20548.0
262,2021-10-21,20517.0
261,2021-10-22,20239.0
260,2021-10-25,16319.0
259,2021-10-26,20772.0
258,2021-10-27,20596.0
257,2021-10-28,20499.0
256,2021-10-29,20026.0
255,2021-11-01,15677.0
254,2021-11-02,21183.0
253,2021-11-03,21557.0
252,2021-11-04,21592.0
251,2021-11-05,21838.0
250,2021-11-08,16394.0
249,2021-11-09,21521.0
248,2021-11-10,21216.0
247,2021-11-11,20961.0
246,2021-11-12,20838.0
245,2021-11-15,16959.0
244,2021-11-16,21191.0
243,2021-11-17,21124.0
242,2021-11-18,21064.0
241,2021-11-19,20494.0
240,2021-11-22,16309.0
239,2021-11-23,21173.0
238,2021-11-24,21084.0
237,2021-11-25,21219.0
236,2021-11-26,20937.0
235,2021-11-29,18094.0
234,2021-11-30,21257.0
233,2021-12-01,21769.0
232,2021-12-02,22104.0
231,2021-12-03,22530.0
230,2021-12-06,17440.0
229,2021-12-07,21738.0
228,2021-12-08,21459.0
227,2021-12-09,21126.0
226,2021-12-10,20410.0
225,2021-12-13,17085.0
224,2021-12-14,20860.0
223,2021-12-15,20433.0
222,2021-12-16,19798.0
221,2021-12-17,19125.0
220,2021-12-20,16291.0
219,2021-12-21,19941.0
218,2021-12-22,19962.0
217,2021-12-23,19825.0
216,2021-12-24,19385.0
215,2021-12-27,17746.0
214,2021-12-28,20399.0
213,2021-12-29,20735.0
212,2021-12-30,20619.0
211,2021-12-31,20247.0
210,2022-01-03,18226.0
209,2022-01-04,21615.0
208,2022-01-05,22011.0
207,2022-01-06,21625.0
206,2022-01-07,20958.0
205,2022-01-10,20298.0
204,2022-01-11,21307.0
203,2022-01-12,21045.0
202,2022-01-13,20787.0
201,2022-01-14,19427.0
200,2022-01-17,17354.0
199,2022-01-18,18472.0
198,2022-01-19,18529.0
197,2022-01-20,19090.0
196,2022-01-21,19120.0
195,2022-01-24,20877.0
194,2022-01-25,20077.0
193,2022-01-26,18814.0
192,2022-01-27,17663.0
191,2022-01-28,17707.0
190,2022-02-03,17707.0
189,2022-02-04,19660.0
188,2022-02-07,17320.0
187,2022-02-08,19817.0
186,2022-02-09,19613.0
185,2022-02-10,19528.0
184,2022-02-11,18697.0
183,2022-02-14,14659.0
182,2022-02-15,19223.0
181,2022-02-16,19246.0
180,2022-02-17,19023.0
179,2022-02-18,18507.0
178,2022-02-21,13598.0
177,2022-02-22,19458.0
176,2022-02-23,19520.0
175,2022-02-24,19310.0
174,2022-02-25,18747.0
173,2022-02-28,14393.0
172,2022-03-01,19145.0
171,2022-03-02,20264.0
170,2022-03-03,20283.0
169,2022-03-04,20966.0
168,2022-03-07,15608.0
167,2022-03-08,20314.0
166,2022-03-09,20314.0
165,2022-03-10,20334.0
164,2022-03-11,19333.0
163,2022-03-14,14850.0
162,2022-03-15,19757.0
161,2022-03-16,19164.0
160,2022-03-17,18412.0
159,2022-03-18,17981.0
158,2022-03-21,16332.0
157,2022-03-22,18917.0
156,2022-03-23,19046.0
155,2022-03-24,19367.0
154,2022-03-25,18775.0
153,2022-03-28,16070.0
152,2022-03-29,19426.0
151,2022-03-30,19594.0
150,2022-03-31,19912.0
149,2022-04-01,20508.0
148,2022-04-04,16282.0
147,2022-04-05,20157.0
146,2022-04-06,20352.0
145,2022-04-07,19842.0
144,2022-04-08,19954.0
143,2022-04-11,15605.0
142,2022-04-12,19864.0
141,2022-04-13,19638.0
140,2022-04-14,18849.0
139,2022-04-15,18828.0
138,2022-04-18,15274.0
137,2022-04-19,19263.0
136,2022-04-20,18811.0
135,2022-04-21,18524.0
134,2022-04-22,18523.0
133,2022-04-25,13611.0
132,2022-04-26,19036.0
131,2022-04-27,18929.0
130,2022-04-28,18300.0
129,2022-04-29,17439.0
128,2022-05-02,14841.0
127,2022-05-03,19629.0
126,2022-05-04,19238.0
125,2022-05-05,18785.0
124,2022-05-06,18819.0
123,2022-05-09,15361.0
122,2022-05-10,19402.0
121,2022-05-11,19094.0
120,2022-05-12,19008.0
119,2022-05-13,18662.0
118,2022-05-16,13992.0
117,2022-05-17,19490.0
116,2022-05-18,19366.0
115,2022-05-19,19509.0
114,2022-05-20,20224.0
113,2022-05-23,15024.0
112,2022-05-24,19870.0
111,2022-05-25,19986.0
110,2022-05-26,19555.0
109,2022-05-27,19353.0
108,2022-05-30,17839.0
107,2022-05-31,19885.0
106,2022-06-02,20290.0
105,2022-06-03,20096.0
104,2022-06-06,17911.0
103,2022-06-07,19976.0
102,2022-06-08,20389.0
101,2022-06-09,19891.0
100,2022-06-10,19150.0
99,2022-06-13,14384.0
98,2022-06-14,19972.0
97,2022-06-15,19658.0
96,2022-06-16,19340.0
95,2022-06-17,19609.0
94,2022-06-20,14096.0
93,2022-06-21,19932.0
92,2022-06-22,19463.0
91,2022-06-23,18934.0
90,2022-06-24,17829.0
89,2022-06-27,17448.0
88,2022-06-28,19064.0
87,2022-06-29,18972.0
86,2022-06-30,19227.0
85,2022-07-01,18315.0
84,2022-07-04,14758.0
83,2022-07-05,20045.0
82,2022-07-06,19795.0
81,2022-07-07,19646.0
80,2022-07-08,19449.0
79,2022-07-11,14891.0
78,2022-07-12,19661.0
77,2022-07-13,18987.0
76,2022-07-14,18284.0
75,2022-07-15,17621.0
74,2022-07-18,14637.0
73,2022-07-19,18893.0
72,2022-07-20,18324.0
71,2022-07-21,18585.0
70,2022-07-22,16320.0
69,2022-07-25,14665.0
68,2022-07-26,19199.0
67,2022-07-27,19147.0
66,2022-07-28,18563.0
65,2022-07-29,17756.0
64,2022-08-01,15170.0
63,2022-08-02,19664.0
62,2022-08-03,19834.0
61,2022-08-04,19494.0
60,2022-08-05,18882.0
59,2022-08-08,16318.0
58,2022-08-09,20255.0
57,2022-08-10,20504.0
56,2022-08-11,19811.0
55,2022-08-12,18665.0
54,2022-08-15,17552.0
53,2022-08-16,20244.0
52,2022-08-17,20139.0
51,2022-08-18,19738.0
50,2022-08-19,18828.0
49,2022-08-22,18213.0
48,2022-08-23,20120.0
47,2022-08-24,20115.0
46,2022-08-25,19924.0
45,2022-08-26,18219.0
44,2022-08-29,17029.0
43,2022-08-30,19877.0
42,2022-08-31,19826.0
41,2022-09-01,19904.0
40,2022-09-02,19665.0
39,2022-09-05,21718.0
38,2022-09-06,20974.0
37,2022-09-07,20255.0
36,2022-09-08,16760.0
35,2022-09-12,16760.0
34,2022-09-13,
33,2022-09-14,21174.0
32,2022-09-15,21342.0
31,2022-09-16,21194.0
30,2022-09-19,15071.0
29,2022-09-20,20483.0
28,2022-09-21,20170.0
27,2022-09-22,20050.0
26,2022-09-23,19252.0
25,2022-09-26,14320.0
24,2022-09-27,20121.0
23,2022-09-28,19257.0
22,2022-09-29,18542.0
21,2022-09-30,17904.0
20,2022-10-03,17092.0
19,2022-10-04,19133.0
18,2022-10-05,18305.0
17,2022-10-06,18519.0
16,2022-10-07,17063.0
15,2022-10-10,7876.0
14,2022-10-11,19187.0
13,2022-10-12,20185.0
12,2022-10-13,19891.0
11,2022-10-14,20013.0
10,2022-10-17,12493.0
9,2022-10-18,19724.0
8,2022-10-19,19334.0
7,2022-10-20,19038.0
6,2022-10-21,17839.0
5,2022-10-24,15476.0
4,2022-10-25,18649.0
3,2022-10-26,18147.0
2,2022-10-27,17815.0
1,2022-10-28,17774.0
0,2022-10-31,15970.0
0,2022-11-01,18398.0
0,2022-11-01,18398.0
1,2022-11-02,18323.0
1,2022-11-02,18323.0
2,2022-11-03,18471.0
2,2022-11-03,18471.0
3,2022-11-04,18478.0
3,2022-11-04,18478.0
4,2022-11-05,18478.0
4,2022-11-05,18478.0
5,2022-11-06,18478.0
5,2022-11-06,18478.0
6,2022-11-07,15903.0
6,2022-11-07,15903.0
7,2022-11-08,18737.0
7,2022-11-08,18737.0
8,2022-11-09,18499.0
8,2022-11-09,18499.0
9,2022-11-10,18022.0
9,2022-11-10,18022.0
10,2022-11-11,17432.0
10,2022-11-11,17432.0
11,2022-11-12,17432.0
11,2022-11-12,17432.0
12,2022-11-13,17432.0
12,2022-11-13,17432.0
13,2022-11-14,15219.0
13,2022-11-14,15219.0
14,2022-11-15,17972.0
14,2022-11-15,17972.0
15,2022-11-16,17832.0
15,2022-11-16,17832.0
16,2022-11-17,17331.0
16,2022-11-17,17331.0
16,2022-11-18,16866.0
0,2022-11-21,13000.0
0,2022-11-21,13000.0
0,2022-11-21,13000.0
0,2022-11-21,13000.0
0,2022-11-21,13000.0
0,2022-11-21,13000.0
0,2022-11-21,13000.0
0,2022-11-21,13000
1,2022-11-22,17102
1,2022-11-22,17102.0
1,2022-11-22,17102.0
1,2022-11-22,17102.0
1,2022-11-22,17102.0
1,2022-11-22,17102.0
1,2022-11-22,17102.0
1,2022-11-22,17102.0
2,2022-11-23,16951.0
2,2022-11-23,16951.0
2,2022-11-23,16951.0
2,2022-11-23,16951.0
2,2022-11-23,16951.0
2,2022-11-23,16951.0
2,2022-11-23,16951.0
2,2022-11-23,16951
3,2022-11-24,16570
3,2022-11-24,16570.0
3,2022-11-24,16570.0
3,2022-11-24,16570.0
3,2022-11-24,16570.0
3,2022-11-24,16570.0
3,2022-11-24,16570.0
3,2022-11-24,16570.0
4,2022-11-25,16309.0
4,2022-11-25,16309.0
4,2022-11-25,16309.0
4,2022-11-25,16309.0
4,2022-11-25,16309.0
4,2022-11-25,16309.0
4,2022-11-25,16309.0
4,2022-11-25,16309
5,2022-11-26,16309
5,2022-11-26,16309.0
5,2022-11-26,16309.0
5,2022-11-26,16309.0
5,2022-11-26,16309.0
5,2022-11-26,16309.0
5,2022-11-26,16309.0
5,2022-11-26,16309.0
6,2022-11-27,16309.0
6,2022-11-27,16309.0
6,2022-11-27,16309.0
6,2022-11-27,16309.0
6,2022-11-27,16309.0
6,2022-11-27,16309.0
6,2022-11-27,16309.0
6,2022-11-27,16309
